C1,C2,years,war,invpath
216,390,424,.018868,.0272664
216,389,424,.016509,.0351645
389,390,424,0,.1875989
375,389,423,.016548,.0289629
216,385,423,.066194,.0331907
375,390,423,.016548,.0242634
385,389,423,.174941,.1558995
385,390,423,.174941,.1433283
216,375,423,.047281,.2520675
375,385,422,.045024,.030171
83,216,419,.019093,.0362964
83,390,419,.009547,.0685295
83,389,419,.00716,.0502428
83,375,418,.052632,.0211241
83,385,418,.167464,.0507703
216,296,416,0,.1666218
296,389,416,.021635,.0261028
296,390,416,.016827,.0231942
296,385,415,.026506,.0284625
296,375,415,.115663,.2507669
216,379,414,.002415,.5903586
177,390,414,.02657,.1240475
177,216,414,.024155,.0656231
177,389,414,.02657,.1073277
379,390,414,.014493,.0445094
379,389,414,.012077,.0481312
177,375,413,.157385,.0749098
379,385,413,.067797,.0445838
375,379,413,.033898,.186026
177,385,413,.014528,.0788297
83,296,412,.007282,.0251868
83,379,409,.017115,.0546093
83,177,409,.00978,.0709478
296,379,406,0,.1694562
177,296,406,.073892,.0891274
216,343,405,.039506,.2420813
343,389,405,.017284,.0309503
343,390,405,.017284,.0285772
177,379,404,.024752,.0978666
343,375,404,.054455,.1760053
343,385,404,.039604,.0316869
83,343,400,.045,.0258601
296,343,397,.070529,.2244737
177,343,395,.073418,.079689
343,379,395,.032911,.1800879
172,390,377,.018568,.1220395
172,296,377,.013263,.0266381
172,389,377,.005305,.1310009
172,216,377,.076923,.051587
172,385,376,.074468,.1462693
172,375,376,.034574,.0297725
83,172,373,.042895,.0766884
56,390,369,.00271,.1652151
56,216,369,.03523,.0567182
56,296,369,.01355,.0587683
56,389,369,0,.1685487
56,172,369,.04878,.0673359
56,375,368,.048913,.0595214
56,385,368,.105978,.0937512
56,379,367,.035422,.0604268
172,379,367,.054496,.0458631
172,177,367,.024523,.1481223
56,83,365,0,.0154256
216,304,363,.247934,.1239309
304,390,363,.019284,.0137432
304,389,363,.019284,.017065
172,304,363,.203857,.0210775
296,304,363,.151515,.1128045
304,375,362,.290055,.1802956
304,385,362,.016575,.0189702
56,177,359,.002786,.0420912
83,304,359,.077994,.012523
172,343,358,.055866,.0286438
56,304,355,.15493,.0399665
304,379,354,.228814,.1177798
177,304,353,.23796,.0600642
56,343,350,.051429,.0598497
304,343,344,.340116,.164552
66,390,311,.003215,.06464
66,389,311,.003215,.0698846
66,216,311,.016077,.0394981
66,385,311,.022508,.0637361
66,375,310,.058065,.0280732
66,379,309,.016181,.0572524
66,83,306,.003268,.0790669
66,296,303,.066007,.0260189
344,375,302,0,.6843435
344,390,302,.013245,.016609
56,344,302,.043046,.0724456
344,389,302,.013245,.0168365
172,344,302,.029801,.0192232
296,344,302,.099338,.2857242
216,344,302,.029801,.3381871
339,389,301,.013289,.0168924
296,339,301,.099668,.2896925
56,339,301,.043189,.0724964
344,379,301,.013289,.2596945
216,339,301,.0299,.3415771
66,177,301,.043189,.1431136
344,385,301,.053156,.0174652
339,390,301,.013289,.0166642
339,375,301,.056478,.6238095
172,339,301,.033223,.0189918
339,344,301,.016611,.125
66,343,300,.04,.027475
339,385,300,.053333,.0175234
339,379,300,.013333,.2514403
83,344,298,.053691,.0046765
83,339,297,.057239,.0063757
343,344,295,.037288,.1810393
339,343,295,.054237,.181125
177,344,292,.160959,.082576
304,344,292,.294521,.2014646
304,339,291,.32646,.2010114
177,339,291,.161512,.0756432
157,389,285,0,.0460457
157,390,285,0,.0460457
56,157,285,.014035,.0226942
157,375,285,.021053,.023577
157,172,285,.049123,.0360009
157,216,285,.031579,.0714822
157,296,285,.007018,.0467744
157,385,284,.03169,.0239996
157,379,284,.03169,.0716361
83,157,281,0,.0077106
157,177,275,0,.0301059
157,304,275,.127273,.0327525
157,344,273,.007326,.0230667
157,339,272,.007353,.034181
157,343,266,.037594,.0216896
56,66,264,.003788,.0260845
66,172,264,.022727,.1498482
70,216,261,.011494,.0567066
70,390,261,.003831,.0116767
70,172,261,.022989,.0822721
70,304,261,.022989,.0417628
56,70,261,.022989,.0039282
70,389,261,.003831,.0116767
70,375,261,.022989,.0452078
70,296,261,0,.0429757
70,379,260,.011538,.0602581
70,385,260,.176923,.0237783
66,304,258,.131783,.0156436
70,83,257,.237354,.0291829
70,344,252,.015873,.0738963
70,177,251,0,.0130709
70,339,251,.01992,.073963
70,343,245,.02449,.0314077
70,157,237,.012658,.0292948
20,389,232,.021552,.0573695
20,296,232,.017241,.1422907
20,172,232,.090517,.0550629
20,56,232,.051724,.1155943
20,83,232,.043103,.0699713
20,216,232,.051724,.2141375
20,390,232,.025862,.0323063
20,385,232,.12069,.0618378
20,375,231,.034632,.1035612
20,379,230,.034783,.2211967
20,343,222,.081081,.0820577
20,177,222,.081081,.0585987
20,66,219,.045662,.0566364
20,304,218,.155963,.0725812
87,379,211,.018957,.6206896
87,304,211,.14218,.110026
87,216,211,.014218,.4210526
87,296,211,0,.1352686
87,375,211,0,.3183254
87,172,211,.023697,.0057361
56,87,211,.052133,.0053318
87,390,211,.023697,.004847
87,389,211,.023697,.004847
87,385,210,.090476,.0049832
170,296,208,.009615,.1396234
170,375,208,.009615,.3277244
56,170,208,.052885,.0054087
170,216,208,.009615,.2916667
87,170,208,.009615,.7857143
170,389,208,.019231,.0065195
170,390,208,.019231,.0065195
170,379,208,.014423,.5696203
170,172,208,.019231,.0082227
170,304,208,.293269,.1124142
83,87,207,.014493,0
170,385,207,.130435,.0050554
87,339,206,0,.3438511
87,344,206,0,.3179612
70,87,206,0,.0522212
87,343,206,0,.3179612
66,344,205,.087805,.0123213
83,170,204,.014706,0
66,339,204,.088235,.0123817
170,343,203,.009852,.3275862
170,344,203,.009852,.3275862
70,170,203,.014778,.0505299
170,339,203,.009852,.3538588
87,177,201,.024876,.0451552
170,177,198,.020202,.0500481
87,157,187,.037433,.0638455
157,170,187,.037433,.0641887
66,157,183,0,.0885078
20,339,173,.023121,.1547937
20,344,173,0,.1388977
66,70,170,0,.0055161
27,296,168,.02381,.027332
27,83,168,0,.0823082
27,172,168,.059524,.3028085
27,385,168,.041667,.0819324
27,389,168,0,.1132535
27,375,168,.125,.0277978
27,216,168,0,.0485109
27,177,168,0,.0493001
27,390,168,.005952,.1301635
27,56,167,0,.0283526
27,379,165,0,.0429016
20,27,158,.082278,.0566469
27,304,155,.270968,.0121406
27,343,149,.006711,.0271113
20,157,148,0,.0836654
27,66,148,.02027,.1667966
178,375,131,0,.0466432
178,304,131,.038168,.0257361
56,178,131,0,.0290803
178,343,131,0,.0466432
170,178,131,.015267,.0212468
178,339,131,0,.0466432
178,344,131,0,.0466432
178,389,131,0,.1234097
178,216,131,.015267,.028117
70,178,131,0,.0062556
172,178,131,0,.0574427
178,296,131,0,.0319157
87,178,131,.015267,.0159033
178,379,131,.015267,.0280681
177,178,131,.091603,.1834862
178,390,131,0,.1234097
178,385,130,0,.0454579
157,178,129,0,.0418051
20,70,127,0,.1136483
83,178,127,0,0
66,87,122,.040984,.0162145
66,170,119,.033613,.0206749
178,291,116,0,0
170,291,116,0,.0043103
216,291,116,0,.0043103
291,339,116,.137931,.0034483
87,291,116,0,.0043103
291,344,116,.137931,.0034483
291,375,116,.137931,.0034483
291,389,116,0,0
157,291,116,0,0
291,379,116,0,.0043103
70,291,116,0,.0086207
56,291,116,0,0
291,304,116,0,.0947368
291,390,116,0,0
291,343,116,.137931,.0034483
172,291,116,0,0
291,296,116,.077586,.0012315
177,291,116,.008621,0
291,385,115,0,0
27,157,112,0,.0068878
83,291,112,0,0
27,344,105,.095238,.0111477
106,390,104,0,.1229134
106,177,104,0,.1369015
106,216,104,0,.1106811
106,389,104,0,.1426719
106,343,104,0,.0641942
66,106,104,0,.0443783
27,339,104,.096154,.0106139
106,385,104,0,.1489219
106,379,103,0,.1504036
106,375,103,0,.0609756
83,106,103,0,.2407133
220,390,102,0,.0183473
220,389,102,0,.01804
220,343,102,0,.0174292
220,385,102,0,.0183551
106,220,102,0,.015508
66,220,102,0,.0107784
177,220,102,0,.0195495
216,220,102,.04902,.0095023
83,220,101,0,.0212164
220,379,101,.049505,.0264026
220,375,101,0,.0103857
106,296,96,0,.0750645
220,296,94,0,.0058257
106,99999,88,0,.1003105
389,99999,88,0,.085751
177,99999,88,0,.2082319
220,99999,88,0,.0269087
216,99999,88,.056818,.173772
385,99999,88,0,.0860035
343,99999,88,0,.0926299
66,99999,88,.034091,.0625252
390,99999,88,0,.0850407
379,99999,87,.057471,.1435455
375,99999,87,0,.0888855
83,99999,87,0,.0946441
216,240,86,.011628,.0889168
240,389,86,0,.1926545
220,240,86,0,.0313953
240,390,86,0,.5637762
177,240,86,0,.262124
240,343,86,0,.0959593
240,99999,86,0,.0947802
240,385,86,0,.1732747
106,240,86,0,.1540467
83,240,86,0,.3366694
66,240,86,0,.1259136
240,379,85,.011765,.224309
240,375,85,0,.077928
20,87,82,.04878,.2679539
296,99999,80,0,.2042293
20,170,79,.050633,.2760197
240,296,79,0,.0866643
27,70,69,0,.0140536
250,99999,68,0,.0355976
250,343,68,0,.0344882
250,389,68,0,.0541842
106,250,68,0,.0458396
250,379,68,0,.0551471
177,250,68,0,.0481083
220,250,68,0,.0235294
250,390,68,0,.0514359
250,385,68,0,.0630252
66,250,68,0,.019194
216,250,68,0,.0256242
250,375,67,0,.0179104
240,250,67,0,.0595182
83,250,67,0,.0612845
177,346,64,0,.0710403
216,346,64,0,.4762587
346,389,64,.015625,.0780428
296,346,64,0,.1217704
346,385,64,0,.0841511
172,346,64,0,.0767073
83,346,64,0,.1019424
346,375,64,.078125,.2329427
343,346,64,0,.3039063
346,390,64,.015625,.0463191
178,293,62,0,.0931762
293,379,62,0,.2533333
87,293,62,0,.483871
293,343,62,0,.75
83,293,62,0,0
70,293,62,0,.0118349
293,390,62,0,.0564516
293,375,62,0,.625
291,293,62,.112903,0
293,389,62,0,.0564516
56,293,62,.064516,.0255376
157,293,62,0,.0056004
293,344,62,0,.75
293,339,62,.080645,.1923077
293,304,62,.451613,.1553763
216,293,62,0,.6888889
177,293,62,0,.2021505
172,293,62,0,.0485663
170,293,62,0,.5
293,296,62,0,.4112903
293,385,61,0,.0491803
250,296,60,0,.0203636
19,20,57,0,.1266586
28,172,57,.017544,.1817669
19,296,57,0,.079295
20,28,57,0,.3099415
28,66,57,0,.1435742
19,28,57,0,.1234127
63,216,57,0,.2426401
19,390,57,.017544,.0684097
82,379,57,0,.0998643
28,216,57,0,.1076506
63,172,57,.017544,.2020468
19,172,57,.017544,.1765076
27,346,57,0,.0695271
82,385,57,0,.0749246
63,389,57,0,.1800752
28,106,57,0,.1435742
28,390,57,.017544,.0893468
19,63,57,0,.1777512
28,389,57,0,.1144844
63,343,57,.017544,.1028073
56,63,57,0,.1035819
106,172,57,0,.3625731
82,343,57,0,.1284246
19,177,57,0,.1485942
19,385,57,0,.1026493
63,390,57,.017544,.0927887
82,389,57,0,.072836
20,106,57,0,.1658313
63,177,57,0,.1256579
63,106,57,0,.2488026
19,83,57,0,.1683632
63,385,57,0,.1800752
28,63,57,0,.1902256
19,343,57,.017544,.0552069
82,216,57,.035088,.1076023
28,177,57,0,.1120617
28,56,57,0,.0607152
63,66,57,0,.2488026
82,390,57,0,.0868516
56,106,57,0,.0675191
19,106,57,0,.1151468
63,83,57,0,.3615706
19,66,57,0,.1151468
20,63,57,0,.3821637
28,83,57,0,.3097327
82,177,57,0,.0899251
63,296,57,0,.1160356
28,343,57,.017544,.075035
19,56,57,0,.0796372
19,216,57,0,.0814037
19,389,57,0,.1026493
28,296,57,0,.076776
28,385,57,0,.1144844
82,375,56,0,.0646284
19,375,56,0,.0682071
28,375,56,0,.0887823
82,83,56,0,.0909806
20,346,56,0,.1743516
28,379,56,0,.1166237
56,346,56,0,.150496
63,379,56,0,.2537319
63,375,56,0,.1217594
19,379,56,0,.1191746
63,220,55,0,0
19,220,55,0,0
28,220,55,0,0
56,220,55,0,0
172,220,55,0,0
346,379,55,0,.4069697
20,220,55,0,0
304,346,54,.037037,.1118166
82,400,53,0,.0685535
19,304,53,0,.0383853
82,99999,53,0,.3176101
106,304,53,0,.0430334
66,400,53,0,.0206245
28,304,53,.018868,.0341266
216,400,53,0,.1080618
82,106,53,0,.0875876
379,400,53,0,.0456115
390,400,53,0,.0541498
177,400,53,0,.048755
63,304,53,0,.0546803
220,400,53,0,.0232221
385,400,53,0,.053909
343,400,53,0,.0412597
400,99999,53,0,.0918688
82,220,53,0,.0616352
82,250,53,0,.047074
250,400,53,0,.0355554
106,400,53,0,.084775
66,82,53,0,.0396381
389,400,53,0,.053909
82,240,52,0,.1129894
27,28,52,0,.116736
375,400,52,0,.0207418
19,27,52,0,.0800561
240,400,52,0,.0508743
27,106,52,0,.131343
27,63,52,0,.1497687
83,400,52,0,.0474148
220,304,51,0,0
27,220,50,0,0
34,83,49,0,.0892477
34,66,49,0,.0964141
34,56,49,0,.0402076
34,390,49,0,.6720833
19,34,49,0,.0479117
34,389,49,0,.0614073
34,343,49,0,.0405085
34,177,49,0,.1099317
34,172,49,0,.1073512
82,296,49,0,.1986395
27,34,49,0,.1557244
28,34,49,0,.0664438
34,296,49,0,.0482503
34,106,49,0,.0964141
20,34,49,0,.078232
34,375,49,0,.0521785
34,216,49,0,.0650905
34,385,49,0,.0614073
34,63,49,0,.0874079
34,379,48,0,.0648818
34,220,47,0,0
27,347,46,0,.0799578
56,347,46,0,.1067123
347,375,46,0,.4608696
172,347,46,0,.1079041
347,389,46,0,.1060124
216,347,46,0,.202079
66,346,46,0,.0901782
347,390,46,0,.0555382
347,385,46,0,.1060124
20,347,46,0,.1678313
34,346,46,0,.0487024
177,347,46,0,.0889966
343,347,46,.021739,.2608696
296,347,46,0,.2000588
28,346,46,0,.1306873
63,346,46,0,.1505952
106,346,46,0,.0901782
106,347,46,0,.1011042
34,347,46,0,.056493
83,347,46,0,.1119134
34,304,46,0,.0243234
28,347,46,0,.1021683
19,347,46,0,.0766693
63,347,46,0,.1557887
19,346,46,0,.0677046
66,347,46,0,.1011042
56,340,45,0,.1298184
340,346,45,0,.1685185
346,347,45,0,.3340741
296,400,45,0,.0505454
34,340,45,0,.0596861
340,390,45,0,.0569993
340,385,45,0,.1262966
27,340,45,0,.0887551
296,340,45,0,.1693314
216,340,45,0,.7570696
66,178,45,0,.0611111
172,340,45,0,.1670675
347,379,45,0,.2041887
340,343,45,0,.1252971
340,375,45,0,.1477778
83,340,45,0,.1511376
340,389,45,0,.1262966
19,340,45,0,.069428
20,340,45,0,.2206029
177,340,45,0,.1038481
66,340,45,0,.1243271
220,347,45,0,0
106,340,45,0,.1243271
28,340,45,0,.1100083
63,340,45,0,.2090123
340,347,44,0,.1868326
220,346,44,0,0
340,379,44,0,.7727606
304,347,43,0,.0770119
220,340,43,0,0
304,340,42,0,.1454082
63,99999,41,0,.095236
20,99999,41,0,.0871063
19,99999,41,0,.1200819
56,99999,41,0,.0664687
28,99999,41,0,.0760161
172,99999,41,0,.1084998
248,379,40,0,.1454762
248,385,40,0,.0872912
248,99999,40,.1,.2229167
248,389,40,0,.0936007
248,250,40,.05,.0585737
177,248,40,.1,.1149107
248,400,40,0,.0964286
106,248,40,0,.1162553
20,240,40,0,.8056548
248,343,40,.1,.0889583
220,248,40,.2,.0370455
63,240,40,0,.2744445
248,375,40,0,.0364286
66,248,40,0,.0538595
82,248,40,.075,.1164583
56,240,40,0,.0612823
28,240,40,0,.3504167
172,240,40,0,.1684127
19,240,40,0,.1576016
216,248,40,0,.0969345
248,390,40,0,.1303012
240,248,39,.076923,.1347985
83,248,39,.076923,.1256003
304,99999,37,0,.2184685
27,99999,36,0,.0650237
240,304,36,0,.0488926
27,240,35,0,.1291775
29,390,34,0,.1245618
29,172,34,.029412,.3737745
20,29,34,0,.1173967
19,29,34,0,.0523325
29,177,34,0,.1482576
29,216,34,0,.1144024
29,83,34,0,.1960784
27,29,34,0,.1524099
29,106,34,0,.2541667
29,389,34,0,.0808384
29,56,34,0,.0603274
29,63,34,0,.1150444
28,29,34,0,.1050802
29,385,34,0,.0808384
29,375,34,0,.069635
29,296,34,0,.0690217
29,66,34,0,.2541667
29,379,34,0,.1144024
29,304,34,0,.0555857
29,343,34,.029412,.0625927
34,99999,33,0,.0489786
333,385,33,0,.086658
19,333,33,0,.0479243
29,333,33,0,.0788143
29,340,33,0,.1149383
333,375,33,0,.3706721
27,333,33,0,.0608925
29,34,33,0,.1659703
333,379,33,0,.2555556
177,333,33,0,.0795843
56,333,33,0,.1893218
333,343,33,0,.1230149
28,333,33,0,.0666088
29,346,33,0,.0548618
63,333,33,0,.1188071
34,333,33,0,.0461271
304,333,33,0,.1000722
20,333,33,0,.1199856
333,346,33,0,.0911015
333,340,33,0,.2210069
216,333,33,0,.2555556
296,333,33,0,.2141294
106,333,33,0,.0892759
333,390,33,0,.0442622
333,389,33,0,.086658
83,333,33,0,.1031746
172,333,33,0,.1098124
66,333,33,0,.0892759
29,347,32,0,.0805064
333,347,32,0,.2049096
29,220,32,0,0
248,296,32,0,.1321801
34,240,32,0,.0780287
220,333,31,0,0
347,99999,31,0,.1181941
66,291,30,0,0
240,347,30,0,.1546032
346,99999,30,0,.0914241
340,99999,29,0,.1381458
240,346,29,0,.2121169
240,340,28,0,.1493816
20,250,21,0,0
19,250,21,0,0
172,250,21,0,0
28,250,21,0,0
63,250,21,0,0
56,250,21,0,0
250,304,19,0,0
29,99999,18,0,.0726461
333,99999,17,0,.114819
29,240,17,0,.1067821
240,333,16,0,.0961538
27,250,16,0,0
27,170,14,0,0
27,87,14,0,0
34,250,13,0,0
75,157,12,0,0
75,170,12,0,0
75,296,12,0,0
339,346,12,0,.3888889
75,343,12,0,0
75,375,12,0,0
56,75,12,0,0
75,389,12,0,0
70,75,12,0,1
75,172,12,0,0
75,216,12,0,0
75,304,12,0,0
75,379,12,0,0
75,344,12,0,0
75,339,12,0,0
75,177,12,0,0
75,178,12,0,0
75,83,12,0,.4583333
75,390,12,0,0
344,346,12,0,.3888889
75,293,12,0,0
75,385,12,0,0
75,291,12,0,0
75,87,12,0,0
250,347,11,0,0
82,172,10,0,.0545455
250,346,10,0,0
56,82,10,0,.12
250,340,9,0,0
82,304,9,0,0
157,346,7,0,.1047619
56,400,6,0,0
172,400,6,0,0
28,82,6,0,.0769231
28,400,6,0,0
63,400,6,0,0
19,82,6,0,.1111111
20,400,6,0,0
19,400,6,0,0
63,82,6,0,.0833333
20,82,6,0,.0625
37,296,5,0,.0909091
37,385,5,0,.2333333
55,240,5,0,.2
37,55,5,0,.25
38,172,5,0,.1285714
38,296,5,0,.0625
55,220,5,0,0
37,38,5,0,.105
40,106,5,0,.1
28,37,5,0,.125
19,37,5,0,.25
38,99999,5,0,.0495238
55,400,5,0,0
37,83,5,0,.1428571
37,56,5,0,.1111111
38,40,5,0,.0981818
37,66,5,0,.1666667
38,82,5,0,.0555556
40,296,5,0,.0833333
55,379,5,0,.5
40,56,5,0,.1
38,106,5,0,.1022222
55,216,5,0,.0588235
38,390,5,0,.1733333
40,220,5,0,0
37,379,5,0,.5
40,389,5,0,.1116883
55,343,5,0,.0833333
20,37,5,0,.1111111
55,83,5,0,.1666667
40,66,5,0,.1
40,55,5,0,.1111111
55,106,5,0,.5
20,55,5,0,.125
55,385,5,0,.1885714
55,390,5,0,.2
20,40,5,0,.1111111
37,390,5,0,.1666667
19,40,5,0,.1666667
40,379,5,0,.125
40,82,5,0,.0714286
19,55,5,0,.3333333
55,82,5,0,.0833333
37,106,5,0,.1666667
55,172,5,0,.5
37,220,5,0,0
40,177,5,0,.1365079
40,390,5,0,.1885714
38,240,5,0,.1733333
40,172,5,0,.125
55,177,5,0,.25
37,400,5,0,0
28,55,5,0,.1428571
40,343,5,0,.0714286
55,63,5,0,.1666667
55,99999,5,0,.0704762
38,250,5,0,0
55,56,5,0,.125
37,99999,5,0,.0658333
37,172,5,0,.5
40,99999,5,0,.0617647
40,400,5,0,0
40,240,5,0,.2285714
38,389,5,0,.1085859
40,250,5,0,0
38,400,5,0,0
40,83,5,0,.25
37,40,5,0,.1
37,216,5,0,.0555556
55,389,5,0,.1885714
38,385,5,0,.1085859
38,343,5,0,.0555556
38,216,5,0,.0434783
40,63,5,0,.2
37,82,5,0,.0769231
20,38,5,0,.1
37,177,5,0,.2
55,66,5,0,.5
28,40,5,0,.1666667
37,250,5,0,0
38,63,5,0,.1666667
37,389,5,0,.2333333
55,250,5,0,0
38,379,5,0,.1285714
304,400,5,0,0
38,55,5,0,.1174603
38,56,5,0,.0714286
37,343,5,0,.0769231
40,385,5,0,.1116883
37,63,5,0,.125
38,177,5,0,.1666667
40,216,5,0,.0526316
38,220,5,0,0
28,38,5,0,.1138889
38,83,5,0,.1285714
55,296,5,0,.1
38,66,5,0,.1022222
19,38,5,0,.1111111
37,240,5,0,.1666667
82,339,4,0,0
82,170,4,0,0
40,304,4,.25,0
55,304,4,.25,0
38,375,4,0,.0515873
82,291,4,0,0
82,293,4,0,0
37,304,4,.25,0
37,375,4,0,.0697115
38,304,4,.25,0
82,344,4,0,0
40,375,4,0,.0651261
75,82,4,.5,0
55,375,4,0,.075
82,178,4,0,0
82,157,4,0,0
70,82,4,.5,0
82,87,4,0,0
20,178,3,.666667,0
105,343,2,0,.0669643
34,344,2,0,.0444664
105,340,2,0,.1428571
333,344,2,0,.5
29,344,2,0,.0488095
105,346,2,0,.077381
333,339,2,0,.5
19,344,2,0,.0690476
105,177,2,0,.0769231
28,339,2,0,.0645833
27,105,2,0,.05
105,172,2,0,.3333333
20,105,2,0,.1547619
29,105,2,0,.2
63,339,2,0,.0909091
19,105,2,0,.1125
106,339,2,0,.0513158
105,106,2,0,1
56,105,2,0,0
28,344,2,0,.0645833
28,105,2,0,.1428571
106,344,2,0,.0513158
34,339,2,0,.0444664
105,347,2,0,.0916667
105,304,2,0,.1
66,105,2,0,1
105,375,2,0,.077381
105,99999,2,0,.0909091
34,105,2,0,.0416667
63,344,2,0,.0909091
339,340,2,0,.1428571
105,240,2,0,.1428571
105,216,2,0,.1428571
63,105,2,0,.2083333
105,296,2,0,.0769231
340,344,2,0,.1428571
19,339,2,0,.0690476
105,389,2,0,.1079545
105,385,2,0,.1079545
105,379,2,0,.1428571
105,333,2,0,.1
83,105,2,0,.3333333
29,339,2,0,.0488095
105,220,2,0,0
105,390,2,0,.0416667
29,250,1,0,0
27,82,1,0,.0714286
344,347,1,0,
29,82,1,0,0
339,347,1,0,
29,400,1,0,0
27,400,1,0,0
